{
    "name": "CMSIS",
    "description":"STM32 CMSIS",
    "dependencies":
    {
      "STM32G4xx_HAL_Driver":"*"
    },
    "build": {
             "includeDir" : "Include",
             "srcFilter" : [
                        "-<*>",
                        "+<Device/ST/STM32G4xx/Source/Templates/system_stm32g4xx.c>",
                        "+<Device/ST/STM32G4xx/Source/Templates/gcc/startup_stm32g474xx.s>"
             ],
             "flags": [
                     "-I Include",
                     "-I $PROJECT_DIR/Inc",
                     "-I Device/ST/STM32G4xx/Include",
                     "-L $PROJECT_DIR/lib/CMSIS/Lib/GCC"
             ]
    }
}

